day,x,temp
1,744.3529593,290.4033333
2,-269.6424342,286.4135
3,114.200545,289.3575
4,589.2370678,282.0781818
5,462.0886003,277.746087
6,670.8662763,276.7395455
7,107.5690299,277.1016667
8,295.3906405,282.6608696
9,506.9408991,281.4070833
10,278.5843169,278.6184211
11,372.4916133,281.2245
12,142.6320785,277.1525
13,464.4461289,283.1932432
14,-121.8654939,282.5992857
15,253.044626,282.9645833
16,69.66756581,287.574
17,49.24221169,284.90625
18,-239.3083867,280.4189744
19,-63.11792148,281.5152083
20,12.22991271,279.9242857
21,-241.8654939,286.0228571
22,62.66962602,285.3783333
23,426.4545046,287.2757143
24,564.3422117,285.1722222
25,-142.5120904,277.3531481
26,270.4237452,275.29125
27,-34.18675396,274.6945833
28,204.3606965,275.2545833
29,199.919626,276.38125
30,27.14923248,275.9054167
31,128.5338784,275.5725
32,151.0666133,277.4395833
33,15.25707852,273.3745833
34,-58.41008729,276.4476
35,192.8682723,276.8227273
36,-305.6233847,277.3577419
37,-31.65987605,277.6746512
38,146.1172117,277.7658333
39,226.98328,278.7279167
40,12.79874519,279.2491667
41,-478.4682005,282.559434
42,-351.2826368,274.528
43,252.9662927,267.642
44,396.6075658,271.8133333
45,223.3074291,278.1352174
46,124.0666133,278.0041667
47,-15.91139974,273.5721739
48,-57.18675396,280.98625
49,201.1940299,283.3370833
50,253.3779593,282.8233333
51,418.3656303,276.8712903
52,-1658.841122,283.6483333
53,-1067.368993,277.9433333
54,-449.0418345,267.3191304
55,-33.90052208,266.1308696
56,13.10345016,271.0126087
57,72.87795935,263.7025
58,-11.14243419,269.1054167
59,151.8726465,271.5417391
60,142.6916133,272.5321739
61,583.4376341,273.6458333
62,134.3299127,277.8426667
63,-28.55120822,273.9691429
64,339.9381445,282.0281481
65,216.977131,271.7234783
66,154.2838784,270.91
67,84.4416133,277.4504167
68,261.2090016,270.3653846
69,-1126.552696,271.1286957
70,-399.2002487,271.7056716
71,-430.9521689,260.7311538
72,-338.8579514,261.5468966
73,-137.5777883,269.9684
74,82.23007484,271.4207692
75,-245.3479215,269.8256
76,-161.4244083,274.9741975
77,-204.7226368,269.9548148
78,545.1418482,267.7452778
79,-86.02879782,268.8379545
80,-99.86493117,270.7682143
81,-203.9570353,267.31
82,-212.1595881,261.6483333
83,-255.9874786,264.6047826
84,-1046.55597,263.2308333
85,-1871.633707,262.6312
86,-637.4341009,256.9270833
87,-502.5077883,260.0329167
88,-438.3083867,263.6753125
89,-436.7947507,265.7092683
90,-30.05580158,262.405
91,-285.9226368,261.2792
92,-1815.872041,260.3483333
93,-231.2998416,258.4714815
94,-93.32921688,264.4661905
95,-250.5019351,263.0629032
96,113.0794469,267.2063158
97,-302.734373,264.2403571
98,45.77736321,264.2245833
99,-110.4591619,270.7795455
100,162.0075658,269.599
101,-861.7022328,270.9166667
102,-323.7023261,273.9015152
103,-32.5149803,275.6805882
104,-549.484373,264.342381
105,353.2773632,257.9416667
106,-124.050071,259.4968182
107,232.8802931,265.8340909
108,180.4729809,269.0442308
109,12.0666133,261.9870833
110,-41.45125481,270.9358333
111,-186.0478651,266.9622222
112,-584.6750177,256.4542857
113,-42.54528627,250.6052632
114,200.9712022,251.9545455
115,106.9694844,258.8195455
116,-12.97505336,255.8594444
117,-789.7429215,264.06875
118,-489.3034206,262.9346667
119,45.94402988,271.3777778
120,-3040.913707,272.37
121,326.3249571,273.0930435
122,-244.985061,261.2840909
123,-94.85005336,251.4079167
124,4.79874519,251.6566667
125,-235.9440003,255.4495652
126,8.319029875,258.3016667
127,-19.18643459,259.0045455
128,-211.3661184,267.5831579
129,134.1866561,265.2977778
130,-193.3773522,269.2931034
131,295.8689206,268.2789474
132,-901.8570438,270.9986957
133,167.069816,272.1760377
134,-198.3937073,269.8596
135,-51.14243419,268.8305
136,-12.9435026,272.1431429
137,-497.2683867,269.9
138,122.5668611,261.2856522
139,198.1529896,260.0546154
140,-197.6809701,266.835
141,94.46724506,268.4442857
142,-36.39243419,257.814375
143,329.4922117,258.512
144,-581.14172,262.8770833
145,-484.432024,267.5823077
146,-300.3907769,268.122069
147,-214.5613465,265.5812903
148,235.9434355,269.8807143
149,264.3428599,268.6832353
150,-122.2051567,272.7273684
151,290.0829177,270.8969565
152,221.871209,268.666087
153,194.00264,266.1190909
154,-232.0726368,269.7445
155,-960.3951888,269.1388889
156,-427.9724342,269.3316
157,-148.8202883,267.165625
158,-138.7012438,265.0557143
159,-175.3679215,270.9275
160,-124.5034206,274.7904444
161,-663.7661151,273.9847826
162,359.3170619,270.7184615
163,220.1075658,269.18
164,-186.5911216,267.1866667
165,8.254113302,271.916875
166,468.2654119,272.589
167,-133.984373,267.26
168,-530.0303291,265.4653846
169,817.2648641,268.7071429
170,238.789384,263.1522727
171,187.4088784,262.435
172,224.1499466,263.8725
173,308.3404119,267.5629167
174,82.02157937,270.825
175,304.4312094,271.5711538
176,29.96129268,272.1245833
177,85.49887016,272.9182609
178,61.61721169,273.2679167
179,-12.85005336,273.6179167
180,-111.5345881,276.6270833
181,-425.8781954,278.8262162
182,127.6583156,273.8571429
183,205.044626,269.24875
184,217.2742325,270.45875
185,266.0900378,273.6578261
186,128.4307437,279.0886957
187,455.3508285,274.548125
188,339.5736627,278.5653125
189,-110.6191885,277.8468966
190,-270.7773437,278.1697727
191,5.946275489,276.1448387
192,-1214.257788,274.2628125
193,635.0569979,273.5603846
194,-288.6179215,272.341
195,-584.5700873,272.6606667
196,742.03412,273.1802703
197,254.1279593,275.1570833
198,75.80321799,276.1252174
199,-1169.043503,275.562381
200,-142.99172,273.42
201,-190.23935,272.932
202,46.39657937,272.66
203,-112.194859,277.8219444
204,311.4558579,275.088913
205,-522.8567199,274.2264286
206,424.7037501,276.1438462
207,268.8166133,277.9283333
208,199.1720785,286.8276
209,262.0215794,288.0433333
210,314.6523632,290.9170833
211,278.2112927,289.1183333
212,117.9336528,291.026087
213,753.8641629,277.9436585
214,36.6916133,277.4024
215,799.6218744,274.7777551
216,164.3899127,276.7376
217,297.0273632,282.7291667
218,362.6279593,288.3825
219,167.4408991,291.1625
220,143.6833882,290.8988235
221,184.2300748,285.1176923
222,-607.5345881,283.7075
223,-543.3700873,281.8252
224,290.0690299,280.8154167
225,336.919626,285.6570833
226,260.3575658,295.66875
227,204.5338784,292.6541667
228,87.38726548,293.8334783
229,502.8379609,288.1738235
230,-78.53931806,288.9973077
231,894.0215493,292.9525581
232,75.16321576,291.2951282
233,-15.08392355,286.0551064
234,269.2806732,282.7210256
235,-48.89172003,284.9604167
236,-321.7197733,285.9762963
237,-404.0777796,286.7138462
238,-1347.764303,286.2520833
239,-76.17296658,287.0259259
240,588.3489451,286.4910345
241,172.8422117,291.585
242,-597.6139423,292.9355556
243,-203.9750643,292.7864286
244,399.6529896,289.1396154
245,299.2356965,286.5954167
246,232.2529593,288.1908333
247,84.20756581,288.0246667
248,437.7838784,286.2583333
249,392.0249466,284.633
250,37.42374519,287.3816667
251,53.38991271,290.2548
252,900.7630775,288.2422857
253,112.8282282,291.1009677
254,110.7861372,291.6585714
255,26.87379063,291.4481579
256,203.6499466,293.03625
257,-8.57625481,293.4658333
258,439.5057748,294.0665517
259,174.4696709,294.1892308
260,395.919626,293.975
261,-407.4757675,290.1816667
262,753.5422117,295.6
263,-1836.933387,298.11
264,-1673.717921,294.173
265,-547.8653254,293.6747619
266,714.3144002,296.457037
267,544.3170619,295.435
268,263.4408991,296.9279167
269,289.075545,298.81875
270,173.7785698,298.0308696
271,168.1320785,294.6479167
272,-156.536754,292.7253333
273,340.0273632,293.7695833
274,323.669626,295.0366667
275,115.8901745,294.5886087
276,-1535.091122,294.865
277,-646.7866476,297.2904348
278,-381.3027041,298.7843478
279,107.313246,299.1916667
280,273.1573632,299.6552
281,398.2714779,295.8685185
282,494.0334917,297.4125926
283,172.3943856,294.8165217
284,244.9959611,295.5365217
285,-1.867921476,298.6475
286,-109.8583226,295.0947059
287,-286.3893035,296.6866667
288,331.2767689,298.1780952
289,257.1984749,300.6586364
290,204.2422117,300.7640909
291,475.8220481,302.0791304
292,239.0886003,299.146087
293,82.06991271,294.3308
294,751.8845061,292.5775
295,194.8689014,296.2195652
296,417.250423,292.7880952
297,234.1588784,292.1891667
298,-104.8736041,294.4843478
299,-124.5879215,290.7112
300,245.0299127,286.532
301,286.581711,288.6908696
302,296.3471622,291.0482609
303,417.5487423,291.4182353
304,300.775545,292.166
305,340.0666133,293.14
306,71.9048058,292.7995455
307,167.563246,291.28
308,429.1904067,290.5843478
309,60.57016365,292.4787097
310,-99.84243419,292.4505
311,507.2876662,292.1277273
312,345.3279769,291.5609091
313,295.0411694,292.1877273
314,170.8820866,291.9469565
315,394.9440299,293.7029167
316,406.3779593,293.5058333
317,139.212829,290.4536842
318,-120.1327883,290.41625
319,546.8416133,292.733
320,99.75707852,292.75875
321,318.1864344,293.3726087
322,362.6523632,294.5395833
323,349.3362927,296.8470833
324,252.1075658,298.7834783
325,232.0338784,298.5666667
326,395.648135,296.0917391
327,257.06065,294.4878571
328,565.8208218,299.2840909
329,505.4137268,302.0986364
330,-312.9137073,303.3
331,-374.8091009,301.5433333
332,884.3850688,299.6392857
333,455.155899,299.4567857
334,-1473.867921,299.2
335,-675.7700873,289.6
336,-876.6771822,288.5081818
337,-3109.413707,283.6125
338,1084.240899,296.912
339,-12.05778831,294.338
340,152.6916133,300.2211333
341,-869.2012548,295.7601111
342,760.4799127,294.5505833
343,818.7612342,297.54
344,242.4392339,295.8305882
345,392.7742325,295.5088889
346,-691.2577883,288.0933333
347,315.103378,286.4394118
348,55.96541186,287.4295833
349,-434.811754,287.6366667
350,-414.7893035,283.9873333
351,-444.5955255,287.4522727
352,-207.022869,291.9235217
353,28.09515286,293.6488235
354,-10.77505336,287.1366667
355,-680.2679215,282.205
356,475.7753673,289.4127273
357,160.1345061,289.86
358,350.5029593,290.3991667
359,51.75462463,287.8411765
360,306.6967571,292.5204545
361,189.0097951,295.6527273
362,389.6320785,289.6990909
363,205.00264,288.2781818
364,-678.2680913,291.7436364
365,-1490.413707,284.225
366,-2687.892434,286.63
367,550.9822117,286.7172
368,227.35828,286.3042857
369,-16.58667148,285.85375
370,928.063246,282.1525
371,145.0898632,283.331875
372,556.0029593,292.0691667
373,175.8158991,291.4866667
374,281.8672117,290.6908333
375,141.35828,291.1994444
376,652.06065,284.22
377,248.1188016,281.9011111
378,54.43120936,280.6146154
379,235.3862927,282.9456667
380,410.6075658,281.3007143
381,247.450545,281.455
382,-596.3083867,279.2976923
383,166.0794469,277.1236316
384,635.0076905,275.6194444
385,1001.877363,274.6126667
386,-68.73188914,273.213
387,686.289384,274.6909091
388,1352.408878,277.1583333
389,825.6916133,280.663
390,1469.882079,278.05625
391,-1565.770087,274.58
392,539.6631214,273.6388889
393,164.8474748,271.3168421
394,210.474222,274.0991304
395,81.26251331,277.7808696
396,-141.5200873,275.8333333
397,-103.6356803,268.9078261
398,222.7112927,266.0225
399,243.6908991,275.0608333
400,105.4813421,277.8504348
401,514.6916133,277.595
402,357.9850197,280.5570588
403,-201.1034206,277.2534583
404,-104.7702558,271.0442857
405,216.3779593,274.3208333
406,90.33833504,278.8403846
407,231.5114425,272.2515385
408,310.0249466,267.1620833
409,-20.45125481,261.0641667
410,-169.561754,266.9854167
411,-68.00835108,274.0325238
412,391.419626,266.4709524
413,183.4825658,263.9170833
414,-1536.083875,266.9595652
415,-914.1779519,267.0882609
416,-99.45125481,272.5154167
417,121.6049127,269.6204167
418,261.8691999,273.7034694
419,473.6934355,274.2608929
420,-489.1216009,271.1020833
421,-50.80324286,258.7045455
422,12.77494664,253.12875
423,-146.1406487,251.0013636
424,-386.6648241,258.4281579
425,-692.1841753,256.3126923
426,-236.7708502,258.6628571
427,-196.3210056,253.2157143
428,-33.63278831,260.96625
429,-64.11607901,261.8292308
430,-362.8679215,260.1465517
431,-119.186754,254.5758333
432,-274.1457137,259.7673077
433,90.69498833,268.2256522
434,97.83483854,267.8761818
435,-131.1377883,266.32796
436,-633.5306089,264.3362963
437,-142.8244432,265.7134783
438,-383.2700873,263.5027273
439,-584.5797796,255.6003571
440,-1308.268546,256.3235484
441,-2059.267434,264.6490625
442,-721.2577883,266.0292
443,-958.3853098,268.6876923
444,-718.2107786,271.724
445,-399.0200873,255.6733333
446,-486.1869225,252.9757143
447,-440.1745769,250.6152174
448,-1949.437889,254.4451364
449,-331.7577883,251.7840909
450,317.35828,262.9331
451,-516.9079215,265.3576
452,-744.2918264,253.4356087
453,-1046.157419,263.9912609
454,-445.6864346,252.1327273
455,-300.4576516,250.9630435
456,120.9161247,260.6413043
457,-321.1232015,268.8507407
458,40.61033939,270.3847826
459,-324.726609,273.3791304
460,-168.4149445,271.1319231
461,-694.61641,266.5854054
462,-44.57100562,261.5928571
463,-146.096498,270.345
464,168.1916133,271.3942083
465,-236.9929215,276.793
466,-73.24834816,273.794
467,-521.592202,263.5813043
468,-155.7887073,252.4125
469,-493.9269169,256.5234483
470,-348.2577883,252.5666364
471,-222.4463177,268.7875862
472,-51.38643999,259.3914815
473,-894.9171461,258.8947059
474,-676.8893035,249.005
475,-321.080374,250.7295833
476,-135.1841009,261.74375
477,-1033.591122,264.07625
478,-14.5583867,214.2833333
479,57.71541186,260.9608333
480,-296.686754,193.8245833
481,31.11069654,259.1229167
482,82.83629268,257.5016667
483,-107.8924342,255.4670833
484,-28.34112165,253.5341667
485,58.02494664,256.73625
486,-42.28458814,258.9629167
487,-103.686754,256.2841667
488,60.90236321,252.9195833
489,-71.78870732,255.6525
490,-108.0591009,265.565
491,-51.13278831,264.8670833
492,203.85828,259.1375
493,-285.1595881,261.2641667
494,-146.686754,263.6025
495,-842.8476368,267.85
496,97.50295935,271.9741667
497,75.73256581,272.0808333
498,-844.924455,273.1445833
499,-1710.308387,261.78875
500,-602.7012548,260.48375
501,-264.0200873,260.0829167
502,-104.3476368,258.4933333
503,-427.580374,254.7851852
504,-224.5174342,256.8120833
505,-135.049455,251.10125
506,21.1916133,257.6
507,-63.15958814,254.3704167
508,-175.6034206,251.94
509,101.0273632,255.03625
510,-474.8610757,261.9426316
511,5.899232478,265.0504167
512,87.32554502,266.965
513,122.23328,271.1016667
514,436.9654119,267.0691667
515,292.4038257,273.2226087
516,188.4856965,278.755
517,150.669626,276.7791667
518,100.4408991,268.46625
519,122.700545,275.0525
520,88.89994664,276.2408333
521,161.9237452,269.0483333
522,-2.603420628,265.9216667
523,-10.63930346,271.2729167
524,20.87795935,272.9583333
525,-207.2257675,272.4866667
526,65.99221169,273.6733333
527,15.10827997,274.5804167
528,68.88207852,263.9508333
529,-106.311754,264.43125
530,41.52736321,267.4725
531,122.5862927,264.87375
532,174.7325658,270.0170833
533,-77.59112165,275.6420833
534,171.7749466,272.8958333
535,210.4237452,273.235
536,80.60491271,280.97
537,113.2773632,281.6858333
538,13.37795935,271.3354167
539,20.28147885,272.8108696
540,-249.2577883,274.2195833
541,-764.51672,273.37375
542,158.4237452,275.6145833
543,-23.52008729,282.4116667
544,288.2356965,282.1479167
545,337.1279593,279.0704167
546,244.3158991,284.1195833
547,287.9088784,285.16125
548,296.3166133,283.7325
549,180.1320785,282.8558333
550,58.18824604,277.77
551,229.1940299,272.7875
552,298.919626,271.2625
553,-29.85076752,273.7183333
554,43.53387835,273.945
555,68.5666133,276.86875
556,-101.6179215,284.2233333
557,13.00263998,288.8477273
558,598.2389017,288.3311538
559,242.0029593,281.7970833
560,82.98256581,279.3291667
561,158.8672117,278.8704167
562,244.73328,281.8845833
563,-722.3262548,280.7054167
564,-462.561754,278.0520833
565,148.3606965,279.0829167
566,-963.3581518,277.3833333
567,694.2299127,282.7689474
568,324.9856965,286.615
569,-23.81846922,287.477381
570,186.4408991,287.4520833
571,253.7600688,287.0155357
572,-63.3083867,284.6507407
573,97.44242335,285.8799655
574,-292.1943297,287.6142424
575,209.6821251,286.6109762
576,262.1262927,282.45308
577,321.2742325,282.5829583
578,328.700545,280.1147917
579,329.3999466,281.5370833
580,373.2154119,285.52
581,344.563246,289.82625
582,366.3589959,285.4255102
583,350.85902,288.28
584,176.1075658,288.4291667
585,178.950545,287.7358333
586,59.02494664,290.7754167
587,-196.9095881,294.1525
588,-198.2700873,294.29875
589,-1216.889303,296.2379167
590,73.00295935,292.5195833
591,201.4408991,293.4416667
592,224.2838784,294.6858333
593,250.85828,297.3708333
594,265.8520785,296.1532
595,-287.7986587,292.9028571
596,-234.8893035,292.9216667
597,138.6101022,291.8066667
598,-25.89243419,293.982
599,150.1822117,293.1044
600,228.4658069,293.4312903
601,449.6320785,287.17
602,119.9718482,287.8512903
603,304.7356965,290.3829167
604,-682.1444765,292.7438462
605,52.88534359,295.7155556
606,-476.0911216,289.645
607,60.35827997,290.6783333
608,-72.72506433,289.6557143
609,-563.3034206,289.6246667
610,-599.2226368,293.275
611,-348.9137073,295.06
612,606.1075658,296.4583333
613,678.1707831,292.8871429
614,1012.85828,297.86
615,763.7987452,295.75
616,-423.7700873,293.79
617,2174.44403,293.8583333
618,-0.663707318,295.745
619,887.3575658,289.9375
620,-126.0077883,294.27625
621,933.6916133,297.9733333
622,368.9892214,295.69
623,135.4299127,297.334
624,-330.2226368,297.67
625,533.419626,290.7608333
626,-491.1651615,289.5645455
627,1564.492212,294.9425
628,-1137.808387,294.6755
629,-149.2964929,297.8195238
630,-355.6763373,297.655625
631,189.6106965,295.5459259
632,262.3471622,293.6108696
633,330.5242325,293.2779167
634,290.8672117,295.82375
635,254.8916133,295.4811429
636,181.4834299,295.4281081
637,219.1465794,293.7133333
638,213.1904067,289.1234783
639,360.669626,290.195
640,275.5242325,291.4033333
641,285.825545,292.9295833
642,253.9416133,294.02125
643,202.5070785,295.3333333
644,241.7715794,298.2116667
645,390.8190299,300.2233333
646,336.169626,298.5341667
647,304.2742325,294.815
648,-3113.924455,289.74
649,138.4847168,294.5206897
650,139.8820785,297.9675
651,118.6049127,293.786875
652,1142.107566,296.65
653,568.2204726,294.7452174
654,441.5177003,295.0867391
655,-1753.725064,291.4085714
656,1358.614528,299.6807692
657,961.0046359,295.6640909
658,169.0093696,293.69
659,254.3834279,293.5203448
660,-302.0435026,296.2657143
661,-2971.308387,292.915
662,-747.2577883,287.586
663,-61.97505336,293.8883333
664,-249.3679215,293.9885
665,521.2299127,296.064
666,1027.691613,299.007
667,1250.132079,295.369
668,-736.2226368,294.629
669,582.6075658,295.5165
670,-214.950096,296.0857692
671,23.16987417,294.4334783
672,-149.2525369,293.8973077
673,-55.92160245,293.3984848
674,90.7645427,293.4028205
675,251.4862927,291.8816
676,-17.10982549,290.836087
677,-48.46612165,291.5816667
678,-971.39172,293.0425
679,-1027.765357,294.0284615
680,-133.5008565,296.8811538
681,217.8711132,293.536875
682,36.16962602,289.29125
683,63.94089914,290.5083333
684,95.40887835,293.5283333
685,5.774946636,296.4691667
686,-44.06022917,296.4373077
687,-144.9700873,298.004
688,-403.550223,295.7134483
689,21.75295935,296.4495833
690,-74.05243419,294.73
691,389.475545,293.2686667
692,-69.60468299,296.3996296
693,-468.0292118,296.4148387
694,299.0215794,295.6004167
695,163.2773632,295.5933333
696,113.794626,293.9020833
697,28.35756581,295.3770833
698,-11.67445498,296.25375
699,-19.51426905,296.5126471
700,-1183.560229,297.0319231
701,-355.1162411,298.0165385
702,98.90236321,298.36625
703,245.2587065,297.162069
704,-204.1098255,295.5486957
705,110.4378639,296.0047826
706,151.48328,295.6358333
707,-387.8262548,296.1933333
708,-65.52008729,296.9279167
709,199.6940299,293.0541667
710,106.169626,293.07125
711,209.0658991,293.0466667
712,23.2573632,293.4933333
713,-341.7083867,295.255
714,23.55515545,294.8546154
715,220.9174127,295.119375
716,5.815824747,294.7126923
717,95.08629268,294.1633333
718,205.7325658,295.47625
719,-220.6281587,297.2955556
720,-27.5483867,299.1608
721,-36.21407532,298.6903846
722,198.2576905,296.2730556
723,-83.26109833,291.7853846
724,336.2167275,290.4936957
725,257.829788,288.6427778
726,172.4922117,289.7191667
727,71.1916133,293.1233333
728,112.1320785,295.1426471
729,-34.14045766,289.2381481
730,228.5690299,288.5995833
731,308.5645536,289.8604348
732,132.4275658,288.8736
733,210.3672117,291.7408333
734,300.8516133,292.3184
735,-163.6861033,288.4927273
736,179.1529896,293.1565385
737,270.3884743,295.8114815
738,149.3362927,298.2683333
739,804.5318082,295.3833333
740,93.9543329,295.6551515
741,141.3999466,298.7020833
742,-26.36792148,299.1760714
743,-167.8781954,298.2848649
744,-884.4309701,295.3241667
745,-8.913707318,293.1993103
746,-304.8924342,289.2158065
747,-106.1788409,289.1144737
748,6.191613302,285.52375
749,-1093.738889,284.9316129
750,-45.43675396,289.425
751,379.3208415,294.0921739
752,318.5029593,297.15
753,-626.8579514,297.2534483
754,402.4156811,295.4273469
755,164.0445545,287.0658824
756,187.7720785,287.2172
757,278.2299127,288.4447826
758,333.7059346,293.1928571
759,-15.48513589,292.6585714
760,-28.05032893,291.8955263
761,327.9022117,291.5736
762,-7.197275587,292.1033333
763,-428.5345881,290.8411111
764,110.3251508,293.5985714
765,583.3208415,292.7313043
766,1.848197444,285.3228571
767,128.4712022,282.5736364
768,-92.70778831,283.9935
769,32.8416133,283.874
770,259.7987452,283.1852381
771,336.4680079,282.6647619
772,297.2773632,284.73
773,66.18629268,288.554
774,-81.59613789,283.8044444
775,65.62792597,285.9702857
776,-180.1833867,283.14
777,-557.9179215,289.094
778,-663.9440003,293.9408696
779,432.3130775,284.9057143
780,8.246292682,282.214
781,-471.2924342,285.372
782,357.5517355,283.987619
783,-153.0861645,276.69
784,-378.0497397,276.7872727
785,-309.7112638,280.2623529
786,-49.93316311,288.8736842
787,416.9324465,288.3592308
788,334.3575658,285.7075
789,136.3922117,281.0855
790,-582.5750534,283.2766667
791,238.2291498,283.75
792,7.790492641,278.1090244
793,-264.8486974,278.4068182
794,97.1916133,281.0371429
795,-82.91139974,281.0904348
796,-81.77008729,282.4915385
797,228.5850555,284.7676923
798,78.52379268,284.84625
799,302.7742325,287.858
800,433.027926,286.6664286
801,290.5377671,278.9830769
802,32.59361699,277.4815385
803,-116.462395,282.1646154
804,-98.43692251,283.1271429
805,190.0862927,282.7046154
806,-593.3924342,281.5616667
807,-684.2077883,278.8485
808,-272.6930021,275.5792308
809,217.2035071,278.7328571
810,-228.7112638,281.1129412
811,-35.12263679,283.067
812,158.4686456,283.6476471
813,-165.5324342,283.5396
814,-837.7872001,273.9258824
815,-272.3798153,270.6735714
816,350.593617,267.6776923
817,-45.98437301,269.29
818,131.5850555,274.4210769
819,-124.9137073,274.5592857
820,-136.8155111,278.4676923
821,-1616.621425,273.2563636
822,-936.4622329,267.1030769
823,15.34636424,266.7942857
824,173.0760666,270.3184615
825,-282.8893035,273.5379167
826,-253.7832725,273.6686957
827,-323.2608552,272.6
828,158.7422117,270.705
829,226.5377671,273.2384615
830,235.5166939,277.5546154
831,95.17991271,275.1365
832,-533.7226368,274.864375
833,351.3640705,275.8961111
834,-647.8368786,275.3794444
835,362.8672117,279.44625
836,185.7630419,276.06
837,298.4261962,276.3929412
838,-97.03095686,277.016087
839,646.4512763,274.9730435
840,668.3215868,273.4370588
841,181.0520103,274.5322222
842,261.2422117,269.2907143
843,140.7685364,264.39
844,-20.13458814,264.1526667
845,-186.9923095,273.5111111
846,-58.65597012,272.4513333
847,353.8555235,272.5530769
848,496.8158991,274.2654167
849,-1032.614931,269.115
850,-2094.058387,270.753
851,-1316.719773,271.2355556
852,-130.8753505,265.5426316
853,-647.7702558,264.6966667
854,-1114.741294,268.2555172
855,-359.421846,267.3682353
856,-73.02701908,263.0423077
857,-1838.09786,267.0305263
858,-516.0901437,267.0027778
859,-185.6162411,270.0561538
860,584.8487918,263.1219048
861,120.3804103,269.1394118
862,-493.2560706,271.6259091
863,-423.9140383,273.065
864,-636.0053564,272.7493939
865,83.00707852,259.3875
866,-71.83675396,251.5633333
867,-396.0269846,252.1726087
868,-498.1012073,254.406875
869,-375.9549342,259.918125
870,159.8850688,267.4366667
871,-420.0978604,266.7084211
872,53.52096741,255.5477778
873,-381.7112638,250.1229412
874,-227.6512082,251.3764286
875,27.62475422,255.0276923
876,26.51497322,264.2314815
877,136.3088784,267.42
878,244.0249466,265.8986667
879,108.0070785,266.25375
880,169.3603475,270.84
881,417.8487918,271.2467857
882,-183.3137073,269.2273333
883,-227.0174342,269.513125
884,12.96443391,272.1588889
885,-82.525778,269.8491304
886,-61.45125481,274.545
887,-100.7700873,273.8047059
888,635.546594,270.7923077
889,-1011.430949,270.8989655
890,-1046.584742,265.9088462
891,-196.3486974,263.6172727
892,201.5948391,263.7722581
893,-46.80340535,272.1448387
894,-91.43675396,273.1966667
895,352.6523632,263.1903125
896,318.7681109,261.2618182
897,-215.7257675,259.17
898,-190.047262,260.2715789
899,225.6360577,259.7561111
900,-73.31792148,256.0395
901,-122.9440003,263.5921739
902,-215.8965498,269.1634783
903,-621.4494216,271.8832143
904,-535.3924342,267.1883333
905,-137.5435026,273.845
906,563.4416133,277.1935
907,290.9177928,276.3042857
908,176.4299127,272.188
909,-99.88930346,272.4888889
910,522.3050427,274.715
911,-486.8257675,274.2606667
912,259.7422117,271.55375
913,141.6916133,273.3806667
914,174.1320785,279.4278571
915,390.3727698,274.5257143
916,356.2004401,269.4292308
917,396.6577213,265.6957143
918,-104.1232034,268.0284615
919,341.9240299,271.7581818
920,585.4284554,273.2247368
921,185.0551554,273.8561538
922,-178.836754,278.4113333
923,533.5898632,282.979375
924,191.919626,286.8241667
925,385.4575658,276.4145
926,120.5993545,275.7542857
927,190.4916133,280.0273333
928,470.1320785,286.45625
929,-103.3609964,283.2909091
930,-128.4579309,283.5991176
931,504.3804103,284.0291176
932,-298.9378887,279.1918182
933,-323.5681331,276.1113793
934,-164.4333867,273.5479167
935,-300.9113997,272.4256522
936,333.3727698,274.3235714
937,-20.72263679,276.1144444
938,203.4612927,279.439375
939,93.6727832,273.9004348
940,-146.6952883,274.448125
941,-162.4194978,275.4472222
942,-288.5602292,278.8603846
943,-924.8045701,276.6534483
944,-264.4068473,276.5715789
945,444.674528,282.9870588
946,315.292751,280.3014815
947,559.5316854,279.3673684
948,552.2471689,275.4372222
949,301.8820785,273.109375
950,298.4441984,278.6507143
951,170.8655985,273.4270588
952,641.7016773,274.0784615
953,-62.04628034,275.9403846
954,491.3359617,275.6846875
955,264.0990207,273.0881481
956,162.56065,271.6866667
957,163.7854683,279.8694444
958,56.51265733,274.6523529
959,386.792175,275.1241176
960,-320.9876723,283.9138095
961,378.6058481,289.9168182
962,115.8344704,290.4619048
963,214.1320785,293.0772727
964,12.67991271,293.155
965,348.7973632,291.2916
966,-39.85488379,283.8535294
967,289.6338816,286.2439474
968,98.20562632,285.6441463
969,287.2154228,281.5985238
970,161.1320785,285.5519048
971,441.9465794,285.8408333
972,52.3385877,283.7753061
973,148.0862927,279.311875
974,252.9647087,279.88
975,114.3805096,277.5548936
976,-234.04172,280.1553333
977,330.2154119,282.6883333
978,272.188246,283.6320833
979,140.0690299,284.7445833
980,208.8362927,287.9745833
981,230.3575658,286.1270833
982,326.450545,288.2916667
983,177.6916133,296.7629167
984,-167.7467094,288.379697
985,355.4799127,288.0025
986,-23.53513679,286.895
987,158.2384666,283.8497826
988,323.9825658,284.6583333
989,-245.724455,284.3723333
990,473.2853633,279.34375
991,15.67374519,278.3425
992,294.188246,282.7908333
993,117.8860589,286.6365217
994,153.2529593,285.305
995,30.14923248,285.8725
996,90.90887835,288.7683333
997,190.1499466,290.285
998,286.0904119,290.9920833
999,214.188246,293.61375
1000,208.0359839,294.6389655
1001,204.4566631,294.8903704
1002,297.4523934,292.9627586
1003,-397.1640383,293.2628125
1004,391.4284554,290.9955263
1005,-131.0901437,289.9891111
1006,-293.0926679,292.163871
1007,-1455.753887,292.2925
1008,185.5505784,292.9021429
1009,130.1492325,289.3029167
1010,110.950545,290.21375
1011,496.4416133,290.6446875
1012,314.2258285,290.504375
1013,340.2299127,292.8358333
1014,330.9173632,289.9752
1015,299.3779593,288.8704167
1016,302.6492325,291.27125
1017,165.200545,295.0304167
1018,185.0666133,298.09375
1019,67.29874519,298.6316667
1020,193.6049127,294.5725
1021,249.0273632,293.73625
1022,139.794626,292.1420833
1023,248.0658991,292.88225
1024,293.1172117,294.1008333
1025,230.8166133,295.5808333
1026,638.8404119,296.8916667
1027,621.2299127,299.90125
1028,331.7773632,294.4416667
1029,297.6279593,293.5554167
1030,277.8992325,296.0825
1031,340.075545,292.0116667
1032,325.883921,293.6880769
1033,105.0520785,300.234
1034,159.8549127,297.4975
1035,-27.51430346,293.1416667
1036,-33.78870732,291.68875
1037,-159.3924342,292.85875
1038,-237.2177883,292.8784
1039,-338.4750534,290.0854167
1040,-444.8262548,292.6295833
1041,-239.7700873,293.8833333
1042,-1369.80597,294.0416667
1043,-375.9994216,295.8371429
1044,-86.89243419,295.4667857
1045,-363.0792169,295.32
1046,-316.8083867,294.3379167
1047,-901.4886111,293.5848276
1048,-99.55796608,295.0457576
1049,-205.8026368,298.2
1050,-350.4137073,297.7161538
1051,-214.5174342,297.4329167
1052,-156.3411216,293.111125
1053,-174.4333867,290.610375
1054,-80.11792148,292.2535
1055,0.563246039,294.553625
1056,-104.0143035,293.58725
1057,-213.9137073,297.888
1058,-197.7674342,301.177375
1059,-218.4991676,299.6764828
1060,-934.3750534,299.1743333
1061,-2601.925064,295.9405714
1062,-1562.436754,297.6407407
1063,-27.84763679,296.8558333
1064,-130.4137073,298.61875
1065,203.3932801,296.0974286
1066,-212.5911216,293.3425
1067,-457.64172,293.1533333
1068,-569.7429215,294.22125
1069,-249.8534206,296.3033333
1070,-26.01430346,297.5108333
1071,10.33629268,298.9683333
1072,-165.749577,298.51
1073,-137.299455,296.85125
1074,-53.76672003,293.4129167
1075,337.5904119,293.325
1076,441.1049127,294.3083333
1077,14.52736321,295.2166667
1078,-18.03870732,299.103
1079,-223.8924342,298.3741667
1080,-80.46612165,295.70625
1081,-218.4333867,294.72
1082,-142.8262548,294.18
1083,58.27157937,294.1283333
1084,-33.59763679,294.55625
1085,-148.6637073,295.1045833
1086,-145.6841009,295.3316667
1087,-210.799455,294.9908333
1088,-94.26672003,293.3595833
1089,120.7182854,289.9313793
1090,79.81324604,290.49375
1091,64.11069654,294.28
1092,-505.4591619,295.6163636
1093,-851.3630224,294.1605882
1094,-21.25778831,291.5570833
1095,-43.9083867,290.1796
1096,220.2570785,290.6645
1097,-140.9519055,292.2170455
1098,-54.52263679,296.879
1099,-680.8169331,293.9487097
1100,-345.749577,290.8457143
1101,-368.1625502,290.2909524
1102,-160.3083867,290.79375
1103,-173.1595881,291.80625
1104,81.34529732,293.4692308
1105,-1446.372637,294.751
1106,-378.7434946,295.7578723
1107,31.01665672,294.0833333
1108,-178.174455,293.3441667
1109,-583.74172,291.5423333
1110,246.2120785,290.094
1111,315.7715794,291.9283333
1112,53.04659398,293.3280769
1113,-2.713707318,288.2132
1114,-102.1424342,286.7083333
1115,-94.16101412,290.243871
1116,-551.4935719,291.5951852
1117,175.2154119,289.735
1118,229.7299127,291.9372727
1119,2.444029875,292.7458333
1120,-54.17457688,291.2534783
1121,-17.30910086,290.756375
1122,-229.0077883,289.9333333
1123,-250.8500534,289.57625
1124,162.1320785,291.9104167
1125,119.313246,289.7054167
1126,-18.76430346,286.2295833
1127,-214.6220407,284.175
1128,-190.6424342,285.2654167
1129,-166.8977883,285.7164
1130,-112.9333867,287.23875
1131,49.04874519,288.4191667
1132,104.313246,288.505
1133,-29.55597012,290.0070833
1134,-14.33037398,290.5845833
1135,-109.4341009,287.15225
1136,-221.924455,284.0262083
1137,-143.0583867,279.028875
1138,342.1320785,277.4199583
1139,209.6212171,279.3055217
1140,-76.9400281,288.6736522
1141,-67.24704065,291.637
1142,-294.3091009,280.41075
1143,-131.4661216,277.243125
1144,-69.525778,285.5130435
1145,-117.344112,292.6833333
1146,174.8662763,288.2218182
1147,16.69402988,289.676625
1148,-12.12204065,285.2460833
1149,-190.8924342,281.537
1150,45.42642221,277.2628421
1151,-123.4388215,278.7681739
1152,-134.3896606,281.8735217
1153,146.1465794,282.953625
1154,-79.84763679,277.518
1155,-181.4137073,280.431625
1156,-286.6007675,279.3715
1157,-115.7161216,279.107625
1158,-77.64172003,286.86575
1159,-19.65958814,283.40575
1160,-184.8950873,277.759125
1161,-89.59763679,283.02225
1162,16.21129268,284.7081667
1163,-304.1724342,281.8908
1164,87.90221169,282.8252
1165,30.46084407,282.7326923
1166,-122.8679215,284.1276
1167,-262.9300873,286.3288
1168,-53.88930346,285.67125
1169,-167.0387073,281.7458333
1170,-42.57243419,280.1532
1171,-183.924455,284.8866667
1172,-211.14172,278.4341667
1173,-148.2429215,278.39
1174,-271.4784206,282.7775
1175,-169.2826368,280.0136
1176,-577.9407343,277.5681081
1177,-566.0035453,280.4133333
1178,-15.59112165,283.3216667
1179,-0.361958126,276.9733929
1180,-84.53458814,271.0483333
1181,-156.2700873,269.565
1182,-49.05597012,271.6545833
1183,-201.106015,274.0694231
1184,-512.0296891,274.2223529
1185,-1414.067312,274.4966667
1186,-1642.008387,274.2973333
1187,-858.7100267,273.6426316
1188,-373.29736,274.2192727
1189,-378.9383231,281.4319608
1190,-604.9649894,275.4348718
1191,-461.6793194,275.4665574
1192,-407.6715814,275.1217241
1193,204.6499466,272.8233333
1194,248.2120785,272.2504
1195,-106.2174557,274.1063158
1196,454.3440299,273.74
1197,139.4612927,269.4145833
1198,328.1460273,265.5707692
1199,-182.722074,266.4292857
1200,363.0619837,263.5118519
1201,80.90627207,260.7390323
1202,-482.9047027,265.0680769
1203,242.2510474,257.6955263
1204,164.3779593,255.56775
1205,281.4408991,257.8843333
1206,4.367211687,253.8975
1207,-970.4365918,260.6105128
1208,-1098.142921,258.2205
1209,-439.3353047,249.04
1210,-90.87648295,262.9
1211,214.0029593,272.3283333
1212,-28.47576752,273.5633333
1213,-94.92445498,271.1195833
1214,-46.23695813,273.9995238
1215,-344.43935,274.1668571
1216,-888.8684479,274.274918
1217,-1117.611526,269.46
1218,-324.1637073,266.0883333
1219,-210.9757675,271.2825
1220,-201.3411216,271.375
1221,-247.7250534,268.3266667
1222,-108.4929215,268.99625
1223,-260.1450873,270.0875
1224,-938.3416844,272.2630952
1225,-799.7846751,266.7270968
1226,-181.6524342,254.5524
1227,-732.4190786,253.6241935
1228,-322.6545405,252.9046154
1229,-45.11792148,256.3291667
1230,-70.97842063,258.0316667
1231,136.2470602,266.7736364
1232,-395.4542479,266.9537838
1233,-644.6988858,258.5277419
1234,89.62682707,258.5730769
1235,-13.51672003,254.3054167
1236,-42.78458814,261.28375
1237,-274.0558016,261.4860714
1238,-524.6226368,267.6025
1239,-163.7137073,272.6935556
1240,-285.4757675,272.7205556
1241,-293.2577883,274.0740909
1242,-294.1680358,275.1826316
1243,182.2611108,275.1862903
1244,-427.5906001,275.0907692
1245,220.2773632,274.184186
1246,-118.8337073,273.22876
1247,-56.40967557,271.5241034
1248,155.2422117,270.6104167
1249,160.23328,268.925
1250,232.0070785,269.8008333
1251,36.85491271,268.44375
1252,-417.5031246,270.862439
1253,-779.1957586,274.3607692
1254,27.56589914,264.9616667
1255,-5.591121647,261.6104167
1256,200.6916133,262.5804167
1257,235.3820785,269.07375
1258,34.31324604,267.6025
1259,126.3606965,268.6
1260,33.08629268,268.9943243
1261,203.3992325,259.3266667
1262,68.70054502,261.4954167
1263,-89.1833867,272.7533333
1264,-56.86792148,276.5642857
1265,-142.2183632,274.5813793
1266,297.3398632,273.655625
1267,394.7384666,272.031913
1268,88.85756581,268.1564167
1269,198.3672117,272.8381667
1270,191.3166133,278.562125
1271,275.1320785,278.4406667
1272,230.813246,280.7465833
1273,-211.3059701,285.3106667
1274,450.7226563,280.7673636
1275,-203.6485317,279.1663415
1276,258.0338784,273.5091667
1277,-39.34684824,269.7226923
1278,214.0487452,268.4966667
1279,176.1049127,271.4941667
1280,354.5690299,273.98125
1281,315.6140705,275.8161111
1282,-214.9569503,271.8545161
1283,185.1172117,267.9233333
1284,178.5377671,267.3046154
1285,186.1320785,273.9554167
1286,272.3965794,280.80125
1287,385.7148632,284.58125
1288,283.8779593,276.3520833
1289,228.3575658,271.2195833
1290,352.1588784,269.4208333
1291,360.23328,261.9829167
1292,498.9654119,263.19
1293,72.10491271,264.9121875
1294,-486.2743609,265.9637931
1295,101.8779593,264.73875
1296,67.28147885,267.6969565
1297,224.075545,273.4146667
1298,244.0116133,275.482
1299,316.5904119,273.7679167
1300,227.2299127,277.2675
1301,172.8606965,279.81875
1302,254.9993362,273.3047826
1303,119.3992325,271.6383333
1304,191.4495288,276.4812195
1305,-241.4447503,276.7929545
1306,121.06065,277.1582143
1307,-243.1622442,276.4456863
1308,534.7289761,279.0441935
1309,422.4462927,280.416
1310,-90.44415833,279.4506897
1311,-152.9474435,278.9775862
1312,296.8166133,279.2979167
1313,329.6737452,281.9154167
1314,486.1227698,281.5728571
1315,554.7773632,282.3505769
1316,-321.8792246,283.3231034
1317,152.1492325,280.2954167
1318,206.7422117,279.5191667
1319,180.9090046,280.6026087
1320,89.29874519,287.4308333
1321,254.6965794,288.678
1322,73.928526,278.0018605
1323,-461.0427396,276.7509677
1324,-51.97576752,281.3727778
1325,77.26073021,282.5148148
1326,211.3013694,286.5846341
1327,-547.0082724,287.934386
1328,209.9799127,285.9970833
1329,352.8606965,283.25
1330,415.719626,284.4326667
1331,-48.11743419,280.913
1332,-94.82597013,279.1686364
1333,371.6175392,281.3333333
1334,459.4654119,284.85
1335,219.8549127,285.8433333
1336,297.7973632,287.9744
1337,-20.78870732,286.53675
1338,-74.52879782,277.0965455
1339,68.11721169,273.938125
1340,392.5249466,278.16375
1341,376.1737452,280.80125
1342,280.7450642,279.7157576
1343,343.0861867,276.3582353
1344,-396.0349194,280.6027273
1345,172.5658991,285.1891667
1346,236.6172117,286.5558333
1347,266.35828,288.5933333
1348,412.4654119,286.72125
1349,342.438246,286.4066667
1350,-205.2851368,287.2015625
1351,-255.9851359,287.4971429
1352,257.0306427,288.4442308
1353,279.4922117,286.7420833
1354,347.2749466,288.4141667
1355,281.0070785,292.33625
1356,407.6465794,293.5666667
1357,494.4440299,290.611
1358,119.5624832,291.8714286
1359,-104.4362938,290.1759649
1360,-274.2101693,283.3228571
1361,117.60828,282.2304167
1362,328.8929481,280.901087
1363,95.62991271,282.4321818
1364,-4.991867561,285.205
1365,116.5307371,285.24
1366,183.4825658,285.3808333
1367,153.0883655,288.1988462
1368,-59.97505336,292.7641667
1369,-258.8679215,290.3125
1370,123.3039868,289.8914815
1371,-1032.491868,287.2026923
1372,172.1662927,285.796
1373,130.5242325,289.4016667
1374,130.2422117,290.03
1375,147.7749466,295.1225
1376,147.3404119,299.0279167
1377,624.9799127,296.7983333
1378,292.2356965,293.9454167
1379,138.919626,293.31
1380,-56.96650826,295.4381481
1381,217.8672117,296.1870833
1382,118.3166133,296.0295833
1383,144.0487452,301.2729167
1384,264.2839668,293.4337838
1385,60.72473163,293.6842105
1386,213.044626,297.26125
1387,-527.8611842,295.769375
1388,161.0338784,296.3216667
1389,-107.5483867,295.418
1390,99.32438622,293.8688462
1391,58.29887822,291.317931
1392,200.7773632,291.6395
1393,166.6788853,291.447037
1394,232.5475658,293.25032
1395,646.9136403,293.0437143
1396,290.73328,290.9691667
1397,376.9535071,288.3614286
1398,414.489172,288.1625926
1399,158.1106965,288.4275
1400,129.0029593,290.9133333
1401,393.4186769,293.2033333
1402,153.575545,293.4479167
1403,218.7853633,293.6553125
1404,-170.906383,292.8584615
1405,249.0299127,295.194
1406,-420.9309701,294.11625
1407,-1341.372041,297.0916667
1408,-436.1781485,298.6317857
1409,144.7792487,299.4959259
1410,66.0116133,295.9424
1411,-251.7197733,293.2603704
1412,-30.55580158,294.9557143
1413,-125.8059701,296.1629167
1414,122.1603668,295.6448148
1415,-126.3155111,297.5623077
1416,-53.57921688,290.3157143
1417,217.23328,291.85375
1418,21.04874519,297.0783333
1419,284.6465794,296.2770833
1420,-96.29406536,297.6582143
1421,-233.550071,295.9336364
1422,-232.2185211,292.7302174
1423,127.4088784,296.0378788
1424,-132.2116125,295.3316129
1425,15.69207852,298.1436
1426,224.7299127,294.3629167
1427,41.98106691,292.0966667
1428,105.5187251,295.9121622
1429,307.3896171,296.6653846
1430,256.9088784,296.2970833
1431,272.2916133,295.6048
1432,88.04874519,295.3633333
1433,397.6049127,295.6845833
1434,243.9856965,296.7570833
1435,217.2529593,296.93875
1436,127.1075658,295.35625
1437,679.8311006,287.6715556
1438,-32.0683867,290.5972
1439,180.6705401,291.4203846
1440,457.863246,291.8273333
1441,84.24795144,290.8826471
1442,340.2112927,294.0683333
1443,518.0575658,291.50275
1444,-407.4636707,291.3414706
1445,117.2249466,291.111
1446,206.1320785,292.2954167
1447,168.3965794,291.3403333
1448,-166.1638133,291.4535294
1449,265.0307371,290.525
1450,265.9932801,293.9327429
1451,37.98665613,293.012
1452,536.4857309,291.875
1453,-169.7502744,291.2402941
1454,266.1499127,295.7376
1455,840.1561511,293.8109091
1456,297.3779593,292.3695833
1457,225.9408991,290.91
1458,230.0222117,290.8228
1459,177.8791133,290.4984375
1460,-46.07481803,290.4955172
1461,220.1609472,292.0844828
1462,398.0273632,291.6570833
1463,405.519626,290.8873333
1464,298.3158991,293.9154167
1465,422.2422117,289.4916667
1466,-168.6720231,289.4139394
1467,-118.5464929,293.1882143
1468,365.563246,294.1558333
1469,-789.0440654,290.6325
1470,167.5029593,286.5883333
1471,157.8992325,286.7625
1472,-136.924455,287.02
1473,247.3999466,287.7375
1474,72.38207852,289.78875
1475,28.02157937,293.2858333
1476,214.3573632,293.6824
1477,98.39184824,292.3925
1478,134.6075658,296.1833333
1479,261.825545,297.1516667
1480,409.8116133,296.9176
1481,172.1965947,294.2325806
1482,176.4799127,287.0208333
1483,463.7319087,286.0469697
1484,314.2062927,292.9084
1485,116.9075658,293.7212
1486,82.88506883,291.5742857
1487,475.2987562,299.8925
1488,415.1720785,299.4876
1489,362.3965794,297.9691667
1490,51.27736321,289.4517073
1491,98.41061701,287.9221622
1492,282.2380006,285.9326087
1493,189.0338784,288.4825
1494,391.0516133,285.6504
1495,583.6520785,286.5164
1496,371.1928757,288.0696296
1497,-176.8313324,289.9613043
1498,-448.3347599,290.3252632
1499,115.3992325,283.63875
1500,352.1496191,285.86
1501,370.3516133,285.2402
1502,10.33662398,286.6515909
1503,185.7715794,288.1829167
1504,181.9023632,282.4195833
1505,370.3262927,278.5568
1506,166.3992325,280.8279167
1507,328.3575963,286.8903846
1508,399.10828,284.0238333
1509,757.6320785,282.5358333
1510,-167.5882691,280.8024242
1511,332.9440299,282.8541667
1512,251.3779593,286.3520833
1513,245.1075658,287.7158333
1514,150.2838784,286.15125
1515,194.2749466,291.035
1516,130.9654119,289.7391667
1517,338.6049127,285.0045833
1518,270.1106965,284.38875
1519,351.419626,280.1454167
1520,157.0658991,280.7783333
1521,-3.035566091,278.9347222
1522,72.40827997,274.2393333
1523,401.6320785,273.2016667
1524,141.2299127,275.7886667
1525,496.8106965,275.3913333
1526,286.419626,272.26375
1527,273.4325658,273.677
1528,32.64543749,275.6467742
1529,234.0041133,272.7753125
1530,346.8952364,276.4268421
1531,-636.7174557,275.7881579
1532,164.2773632,270.2491667
1533,177.2112927,271.77
1534,206.5858267,273.3982609
1535,341.8291682,266.4604348
1536,53.60827997,265.1170833
1537,125.4120785,273.1708
1538,82.11452809,271.2626923
1539,-81.51574024,274.21
1540,138.1297709,278.5786957
1541,-702.5591009,276.4518182
1542,277.950545,272.1583333
1543,901.8618261,275.7557447
1544,19.76170815,273.107037
1545,150.1465794,270.3329167
1546,311.7356965,276.1458333
1547,254.9612927,270.70375
1548,72.02423248,267.6583333
1549,-1580.299455,273.9058333
1550,-755.1930021,282.0469231
1551,-32.65958814,274.3754167
1552,223.063246,274.945
1553,191.9856965,280.4341667
1554,169.4612927,280.5720833
1555,226.4825658,274.4641667
1556,212.1172117,277.2495833
1557,382.1916133,276.0770833
1558,553.5487452,274.1391667
1559,136.7299127,276.7145833
1560,627.7773632,281.6561111
1561,-1173.307647,266.7709091
1562,91.63881581,265.1571875
1563,-32.84112165,263.7220833
1564,75.1916133,269.9373077
1565,335.9654119,267.66875
1566,88.27157937,268.9966667
1567,-404.8577719,270.9459459
1568,185.1279593,263.7079167
1569,67.03064273,269.3592308
1570,144.3960578,266.2653846
1571,-17.99804187,269.0675862
1572,188.6008285,270.3596875
1573,431.4680079,269.3095238
1574,-225.0329816,272.8468966
1575,197.669626,273.3554167
1576,247.329788,265.8751852
1577,40.57554502,266.9908333
1578,-180.6000534,266.9425
1579,-248.9113997,264.4847826
1580,-140.9923095,264.8077778
1581,-1523.796711,254.7048148
1582,-744.455374,252.5766667
1583,-324.2257675,253.5220833
1584,-603.1708318,258.7228261
1585,-301.7221798,255.7475862
1586,-319.7845881,250.1741667
1587,-227.6450873,249.6091667
1588,-1565.389303,250.96625
1589,-109.0208502,257.45
1590,-300.6924342,257.1596
1591,-98.00778831,254.1216667
1592,-34.35005336,251.7579167
1593,-131.5762548,254.56375
1594,-150.436754,267.5983333
1595,64.81902988,271.1025
1596,182.6279593,274.3241667
1597,-2.470211966,275.1731111
1598,-936.924455,265.2631111
1599,-230.4333867,253.21125
1600,-145.4929215,252.2016667
1601,-25.42862388,259.8460976
1602,-718.3135459,258.8193182
1603,-24.02909193,256.4292308
1604,-217.9341009,262.8291667
1605,124.8291682,271.7995652
1606,76.48327997,274.4070833
1607,-29.97506433,272.6971429
1608,-25.77008729,274.8541667
1609,-1143.078192,272.1697778
1610,-867.6637073,267.1395833
1611,-172.7324342,266.2696
1612,147.1375605,269.8232558
1613,-174.604683,275.5651852
1614,375.3820785,270.6008333
1615,277.6699127,264.936
1616,205.2773632,259.9029167
1617,112.2529593,262.3841667
1618,-349.4924342,269.9423333
1619,72.78387835,256.23875
1620,187.3999466,255.86875
1621,54.38207852,263.24025
1622,-374.1986587,255.9903571
1623,270.3927478,257.7296154
1624,25.33629268,255.8579167
1625,-379.0174342,258.895
1626,80.59406354,259.8951852
1627,121.98328,258.7004167
1628,341.7987452,257.96375
1629,180.7715794,259.1754167
1630,104.9023632,257.7254167
1631,262.2529593,265.415
1632,-138.4281485,270.5507143
1633,44.30221169,272.5608
1634,74.52494664,261.00875
1635,146.9397708,269.6776923
1636,-9.561753961,271.2454167
1637,-642.4055636,267.3036585
1638,-262.1195897,265.5552941
1639,11.23256581,260.7154167
1640,-239.878478,265.6965517
1641,-742.4512438,269.8331429
1642,-556.8506801,263.9634483
1643,-528.236754,267.864
1644,115.4440299,270.4566667
1645,384.5408381,271.1687879
1646,98.98256581,273.24375
1647,135.2838784,272.8070833
1648,106.2471689,269.4592593
1649,281.6320785,277.2141667
1650,-120.7112638,276.0488235
1651,-1074.084339,273.6538298
1652,-507.5994216,271.4068571
1653,-7.332434189,266.092
1654,217.5338784,265.85625
1655,411.9993056,268.0776923
1656,531.3929481,271.6195652
1657,-338.3200873,273.64025
1658,244.2356965,272.4566667
1659,216.3779593,271.3325
1660,106.0658991,273.3745833
1661,237.5248204,272.8182609
1662,336.2133524,271.8017391
1663,432.4654119,274.1208333
1664,171.188246,273.6804167
1665,285.9856965,275.4829167
1666,478.3085149,271.7377778
1667,285.6460273,271.4461538
1668,201.950545,275.0029167
1669,287.73328,273.7775
1670,1237.687634,274.5677778
1671,165.6049127,274.89875
1672,-31.72263679,274.4706977
1673,-202.3985558,275.4642424
1674,231.838335,277.2430769
1675,412.7856899,272.5904348
1676,116.2516133,272.8912
1677,-785.7598134,270.3102703
1678,41.14657937,266.2770833
1679,246.5898632,270.446875
1680,-495.234462,270.9811321
1681,-485.3368786,266.6907407
1682,299.9822117,268.2724
1683,262.8069979,266.245
1684,409.9654119,266.9375
1685,15.78873624,269.1232353
1686,42.94402988,271.1633333
1687,208.8362927,274.2554167
1688,-107.9613997,276.0173103
1689,113.7822117,278.1752
1690,-121.9333867,275.4541667
1691,-1588.279686,270.4163235
1692,-1248.720087,269.3893333
1693,-425.6855998,271.1766667
1694,306.544626,274.2254167
1695,424.1446028,274.9888889
1696,254.575545,276.4704167
1697,335.6916133,276.9629167
1698,434.2154119,279.9141667
1699,308.2715794,281.8358333
1700,317.5273632,284.1679167
1701,244.5029593,283.43875
1702,137.8992325,281.0225
1703,255.5338784,284.0541667
1704,385.0666133,282.8779167
1705,429.2987452,280.5716667
1706,259.8965794,285.21
1707,266.9202204,290.9357143
1708,79.36629268,291.6064
1709,-732.4075857,286.5542121
1710,125.7422117,289.43076
1711,321.3999466,291.6104167
1712,236.0950415,292.5574074
1713,-1.530087294,290.2604
1714,262.7773632,294.7220417
1715,103.4925427,291.660625
1716,246.2546246,287.7741471
1717,248.9922117,284.650125
1718,336.2987562,282.9364286
1719,109.5166939,285.0826923
1720,45.52157937,286.86375
1721,146.0126573,290.18
1722,-449.2773437,289.6075758
1723,240.5658991,294.12875
1724,223.950545,294.85375
1725,202.0116133,294.7456
1726,49.24746314,288.2415385
1727,-55.43675396,287.1233333
1728,350.9312094,289.1542308
1729,263.6247542,290.8326923
1730,266.4275658,294.2916
1731,-184.1911216,298.0056667
1732,-438.8538412,296.2169697
1733,-227.4929215,298.7775
1734,19.52157937,298.4277917
1735,-1061.258351,301.0793929
1736,-164.0488425,296.8637838
1737,23.80201026,293.8452778
1738,-113.5992517,293.9790244
1739,300.85828,294.2608333
1740,671.9098563,289.805
1741,309.0215794,289.4791667
1742,317.4023632,293.63125
1743,294.544626,294.1395833
1744,442.8218515,293.2253571
1745,243.2222117,293.1512
1746,251.046452,293.0622581
1747,454.4344041,293.2639535
1748,-115.4784206,293.90875
1749,293.4559346,292.9721429
1750,103.8062927,294.8164
1751,135.9408991,293.6641667
1752,164.6172117,295.2995833
1753,249.7685364,299.3303846
1754,155.326523,297.5694444
1755,50.46520682,300.2382353
1756,-67.16449726,294.8402326
1757,447.7408381,291.7245455
1758,77.14602735,294.4780769
1759,287.2222117,294.3568
1760,250.1916133,294.33875
1761,-13.04033527,293.7217241
1762,288.8727698,294.8710714
1763,217.6106965,295.6651852
1764,-302.3347599,292.9863158
1765,171.0658991,295.04125
1766,172.6268271,297.0046154
1767,120.7749466,302.5875
1768,-62.34792148,300.9944
1769,33.17585865,293.8186486
1770,89.77736321,297.0195833
1771,153.0518099,296.7089655
1772,-1526.959101,297.4373333
1773,-498.6177883,297.0212
1774,-329.4333867,294.5945833
1775,-122.9512548,296.475
1776,169.813246,298.8416667
1777,60.66197859,299.0053846
1778,198.7262927,295.7732
1779,86.98256581,298.85875
1780,-149.4930824,298.9476471
1781,-149.9902049,296.0204545
1782,-425.8385097,296.2385294
1783,-34.61624114,297.7246154
1784,170.8190299,296.3854167
1785,132.3362927,294.8416667
1786,124.7742325,294.86375
1787,226.2977672,293.555
1788,-180.24172,292.9237778
1789,201.1737452,295.0295833
1790,275.8965794,294.6875
1791,27.84402988,294.4036667
1792,158.044626,295.8691667
1793,395.4038621,294.6081481
1794,240.7422117,291.0465385
1795,40.02494664,292.3154167
1796,-115.7079215,292.3292
1797,380.963246,293.7416667
1798,243.3973632,294.1504
1799,74.25295935,295.6158333
1800,302.2110141,293.1851724
1801,48.20054502,289.9425
1802,-109.8396367,293.7609375
1803,38.25329064,295.449697
1804,124.7299127,297.4053846
1805,249.1160729,294.723871
1806,235.7291498,294.6264643
1807,-58.81551111,296.3238462
1808,-43.77391735,296.8083871
1809,4.411613302,296.5972
1810,-215.798956,295.8272414
1811,-141.4152486,296.1925806
1812,159.4856965,299.21375
1813,255.2112927,298.4658333
1814,35.14923248,296.83125
1815,161.3022117,296.6232
1816,-18.76992516,295.5073077
1817,-2.26186087,293.9951515
1818,387.1465794,296.3695833
1819,514.0273632,294.791
1820,162.3779593,292.0307083
1821,108.6908991,292.2954167
1822,344.8291682,293.3295652
1823,562.9375149,292.3390164
1824,-106.5345881,292.4815556
1825,-75.6791782,294.7245455
1826,-28.06746438,297.0631034
1827,267.7374555,290.0667442
1828,348.3218515,288.0739286
1829,95.63110058,290.6977778
1830,-224.7629322,296.1163636
1831,324.5113889,297.1603448
1832,-50.05133729,295.3853125
1833,-1285.652869,293.5827907
1834,149.0207189,294.4788525
1835,-141.5486842,291.8625
1836,-397.612627,287.8812903
1837,45.10827997,290.2270833
1838,24.09041186,289.99
1839,84.56324604,289.65875
1840,196.3190299,291.3016667
1841,246.7529593,295.1
1842,296.3767966,296.1669231
1843,47.65887835,296.1445833
1844,122.6916133,297.72125
1845,76.85207852,299.5728
1846,70.68824604,299.4320833
1847,572.8202204,292.0457143
1848,-75.7615334,288.8163043
1849,179.5897087,288.6791071
1850,-11.82028831,289.45625
1851,53.5978633,285.839375
1852,305.0487452,284.90625
1853,143.1049127,289.92
1854,-206.0083511,291.1228571
1855,-28.46209441,284.76
1856,105.8992325,283.9958333
1857,144.1022117,286.2684
1858,201.60828,281.5883333
1859,254.8120785,278.1352
1860,257.8068358,282.0057692
